{"gradients/linear.weight":{"bins":[-5.410581588745117,50.46253204345703,106.33563995361328,162.20875549316406,218.0818634033203,273.9549865722656,329.8280944824219,385.7012023925781,441.5743103027344,497.4474182128906,553.320556640625,609.1936645507812,665.0667724609375,720.9398803710938,776.81298828125,832.6860961914062,888.5592041015625,944.4323120117188,1000.305419921875,1056.1785888671875,1112.0517578125,1167.9248046875,1223.7979736328125,1279.6710205078125,1335.544189453125,1391.417236328125,1447.2904052734375,1503.1634521484375,1559.03662109375,1614.90966796875,1670.7828369140625,1726.6558837890625,1782.5289306640625,1838.402099609375,1894.275146484375,1950.1483154296875,2006.0213623046875,2061.89453125,2117.767578125,2173.640625,2229.513671875,2285.386962890625,2341.260009765625,2397.13330078125,2453.00634765625,2508.87939453125,2564.75244140625,2620.62548828125,2676.498779296875,2732.371826171875,2788.244873046875,2844.1181640625,2899.9912109375,2955.8642578125,3011.7373046875,3067.610595703125,3123.483642578125,3179.356689453125,3235.229736328125,3291.10302734375,3346.97607421875,3402.84912109375,3458.72216796875,3514.595458984375,3570.468505859375],"_type":"histogram","values":[194,58,48,33,29,18,19,24,9,14,10,6,5,5,5,4,3,3,1,0,2,4,1,4,2,0,1,0,1,0,0,0,1,1,1,0,0,1,0,0,1,0,1,0,0,0,1,0,1,0,0,0,0,0,0,0,0,0,0,0,0,0,0,1]},"parameters/linear.bias":{"bins":[0.024388911202549934,0.024388911202549934],"_type":"histogram","values":[1]},"_timestamp":1.7400146659548352e+09,"_wandb":{"runtime":727},"_step":0,"trainer/global_step":0,"gradients/linear.bias":{"bins":[7.903132915496826,7.903132915496826],"_type":"histogram","values":[1]},"_runtime":727.6782908,"parameters/linear.weight":{"_type":"histogram","values":[1,0,0,0,0,0,1,1,0,0,0,2,2,4,4,4,9,9,17,11,14,24,25,16,21,21,18,19,27,27,19,18,14,18,27,23,23,18,16,15,11,6,8,5,4,0,1,1,1,0,2,0,0,1,1,1,0,0,0,0,0,1,0,1],"bins":[-0.09581801295280457,-0.09253614395856857,-0.08925427496433258,-0.08597240597009659,-0.0826905369758606,-0.0794086679816246,-0.07612679898738861,-0.07284492254257202,-0.06956306099891663,-0.06628118455410004,-0.06299932301044464,-0.05971745029091835,-0.05643557757139206,-0.05315370857715607,-0.049871839582920074,-0.04658997058868408,-0.04330810159444809,-0.0400262326002121,-0.036744363605976105,-0.03346249461174011,-0.03018062561750412,-0.026898756623268127,-0.023616887629032135,-0.020335018634796143,-0.017053142189979553,-0.01377127319574356,-0.010489404201507568,-0.007207535207271576,-0.0039256662130355835,-0.0006437972187995911,0.0026380717754364014,0.005919940769672394,0.009201809763908386,0.012483678758144379,0.01576554775238037,0.019047416746616364,0.022329285740852356,0.02561115473508835,0.02889302372932434,0.03217489272356033,0.035456761717796326,0.038738638162612915,0.04202050715684891,0.0453023761510849,0.04858424514532089,0.051866114139556885,0.05514798313379288,0.05842985212802887,0.06171172112226486,0.06499359011650085,0.06827545911073685,0.07155732810497284,0.07483919709920883,0.07812106609344482,0.08140294253826141,0.08468480408191681,0.0879666805267334,0.0912485420703888,0.09453041851520538,0.09781228750944138,0.10109415650367737,0.10437602549791336,0.10765789449214935,0.11093976348638535,0.11422163248062134]}}