{"gradients/linear.weight":{"_type":"histogram","values":[123,94,46,35,27,27,24,18,11,19,13,6,7,6,6,4,6,4,3,3,3,3,2,3,1,0,1,2,2,1,0,1,0,1,0,0,0,2,0,1,0,1,1,0,0,0,0,1,0,1,0,0,0,1,0,0,0,0,1,0,0,0,0,1],"bins":[-101.30484008789062,31.419342041015625,164.14352416992188,296.8677062988281,429.5918884277344,562.3160400390625,695.040283203125,827.764404296875,960.4886474609375,1093.2127685546875,1225.93701171875,1358.6612548828125,1491.3853759765625,1624.1094970703125,1756.833740234375,1889.5579833984375,2022.2821044921875,2155.006103515625,2287.730224609375,2420.45458984375,2553.1787109375,2685.90283203125,2818.627197265625,2951.351318359375,3084.075439453125,3216.799560546875,3349.523681640625,3482.248046875,3614.97216796875,3747.6962890625,3880.420654296875,4013.144775390625,4145.869140625,4278.59326171875,4411.3173828125,4544.0419921875,4676.765625,4809.490234375,4942.21435546875,5074.9384765625,5207.66259765625,5340.38671875,5473.11083984375,5605.8349609375,5738.5595703125,5871.283203125,6004.0078125,6136.73193359375,6269.4560546875,6402.18017578125,6534.904296875,6667.62890625,6800.3525390625,6933.0771484375,7065.80126953125,7198.525390625,7331.24951171875,7463.9736328125,7596.69775390625,7729.421875,7862.146484375,7994.87060546875,8127.5947265625,8260.318359375,8393.04296875]},"parameters/linear.weight":{"_type":"histogram","values":[1,0,0,0,0,0,0,0,1,2,0,1,2,3,4,6,17,8,14,4,13,21,15,12,19,10,20,18,16,15,18,15,30,13,17,13,21,15,14,15,19,13,13,15,14,9,10,7,5,5,1,1,1,2,0,0,0,0,1,1,0,0,1,1],"bins":[-0.08574072271585464,-0.08301558345556259,-0.08029045164585114,-0.07756531238555908,-0.07484017312526703,-0.07211504131555557,-0.06938990205526352,-0.06666477024555206,-0.06393963098526001,-0.06121449172496796,-0.0584893561899662,-0.05576422065496445,-0.053039081394672394,-0.05031394585967064,-0.047588810324668884,-0.04486367106437683,-0.042138535529375076,-0.03941339999437332,-0.03668826073408127,-0.033963125199079514,-0.03123798966407776,-0.028512850403785706,-0.02578771486878395,-0.023062579333782196,-0.020337440073490143,-0.017612308263778687,-0.014887169003486633,-0.01216202974319458,-0.009436897933483124,-0.0067117586731910706,-0.003986619412899017,-0.001261487603187561,0.0014636516571044922,0.004188790917396545,0.006913922727108002,0.009639061987400055,0.012364201247692108,0.015089333057403564,0.017814472317695618,0.02053961157798767,0.023264743387699127,0.02598988264799118,0.028715018182992935,0.03144015371799469,0.03416529297828674,0.0368904285132885,0.03961556404829025,0.042340703308582306,0.04506583884358406,0.047790974378585815,0.05051611363887787,0.05324124917387962,0.05596638470888138,0.05869152396917343,0.061416659504175186,0.06414179503917694,0.066866934299469,0.06959207355976105,0.0723172053694725,0.07504234462976456,0.07776747643947601,0.08049261569976807,0.08321775496006012,0.08594288676977158,0.08866802603006363]},"_timestamp":1.740013602563543e+09,"_runtime":705.8230865,"_step":0,"_wandb":{"runtime":705},"gradients/linear.bias":{"bins":[5.671958923339844,5.671958923339844],"_type":"histogram","values":[1]},"parameters/linear.bias":{"values":[1],"bins":[0.07880790531635284,0.07880790531635284],"_type":"histogram"},"trainer/global_step":0}